Workbook

Sheet Dashboard
A1: 📊 RUANG SENYAWA — DASHBOARD POS
A2: Tanggal laporan: | B2: 46234 | C2: ◄ ubah tanggal buat simulasi (di app: otomatis TODAY())
A3: Semua nilai = rumus LIVE dari tab Transaksi / Kas / Absensi. Jangan diedit manual.
A4: INDIKATOR | B4: NILAI | C4: KETERANGAN
A5: Omzet hari ini | B5: =SUMIFS(Transaksi!J:J,Transaksi!B:B,TEXT($B$2,"yyyy-mm-dd"),Transaksi!K:K,"ACTIVE") | C5: Penjualan ACTIVE
A6: Jumlah transaksi hari ini | B6: =COUNTIFS(Transaksi!B:B,TEXT($B$2,"yyyy-mm-dd"),Transaksi!K:K,"ACTIVE")
A7: — Tunai (CASH) | B7: =SUMIFS(Transaksi!J:J,Transaksi!B:B,TEXT($B$2,"yyyy-mm-dd"),Transaksi!F:F,"CASH",Transaksi!K:K,"ACTIVE")
A8: — QRIS | B8: =SUMIFS(Transaksi!J:J,Transaksi!B:B,TEXT($B$2,"yyyy-mm-dd"),Transaksi!F:F,"QRIS",Transaksi!K:K,"ACTIVE")
A9: — Transfer | B9: =SUMIFS(Transaksi!J:J,Transaksi!B:B,TEXT($B$2,"yyyy-mm-dd"),Transaksi!F:F,"TRANSFER",Transaksi!K:K,"ACTIVE")
A10: Kas masuk hari ini | B10: =SUMIFS(Kas!C:C,Kas!A:A,TEXT($B$2,"yyyy-mm-dd"),Kas!B:B,"MASUK") | C10: dari tab Kas
A11: Pengeluaran hari ini | B11: =SUMIFS(Kas!C:C,Kas!A:A,TEXT($B$2,"yyyy-mm-dd"),Kas!B:B,"KELUAR")
A12: Uang di laci (estimasi) | B12: =SUMIFS(Transaksi!J:J,Transaksi!B:B,TEXT($B$2,"yyyy-mm-dd"),Transaksi!F:F,"CASH",Transaksi!K:K,"ACTIVE")+SUMIFS(Kas!C:C,Kas!A:A,TEXT($B$2,"yyyy-mm-dd"),Kas!B:B,"MASUK")-SUMIFS(Kas!C:C,Kas!A:A,TEXT($B$2,"yyyy-mm-dd"),Kas!B:B,"KELUAR") | C12: Tunai + kas masuk − keluar
A14: Omzet bulan ini | B14: =SUMIFS(Transaksi!J:J,Transaksi!B:B,TEXT($B$2,"yyyy-mm")&"*",Transaksi!K:K,"ACTIVE") | C14: Bulan berjalan
A15: Transaksi bulan ini | B15: =COUNTIFS(Transaksi!B:B,TEXT($B$2,"yyyy-mm")&"*",Transaksi!K:K,"ACTIVE")
A17: Total omzet (semua waktu) | B17: =SUMIF(Transaksi!K:K,"ACTIVE",Transaksi!J:J)
A18: Total transaksi tercatat | B18: =COUNTA(Transaksi!A2:A1000)
A19: Transaksi dibatalkan (VOID) | B19: =COUNTIF(Transaksi!K:K,"VOID")
A21: Menu aktif | B21: =COUNTIF(Menu!E2:E1000,1) | C21: kolom aktif = 1
A22: Voucher aktif | B22: =COUNTIF(Voucher!D2:D1000,1)
A23: Karyawan hadir hari ini | B23: =COUNTIF(Absensi!A2:A1000,TEXT($B$2,"yyyy-mm-dd")) | C23: dari tab Absensi

Sheet Menu
A1: nama | B1: kategori | C1: harga | D1: modal | E1: aktif | F1: urutan
A2: Americano | B2: KOPI | C2: 13000 | D2: 5000 | E2: 1 | F2: 2
A3: Kopi Susu Senyawa | B3: KOPI | C3: 13000 | D3: 7000 | E3: 1 | F3: 2
A4: Kopi Susu Gula Aren | B4: KOPI | C4: 15000 | D4: 10000 | E4: 1 | F4: 3
A5: Kopi Susu Oat | B5: KOPI | C5: 15000 | D5: 10000 | E5: 1 | F5: 4
A6: Kopi Susu Butterscotch | B6: KOPI | C6: 15000 | D6: 10000 | E6: 1 | F6: 5
A7: Kopi Susu Hazelnut | B7: KOPI | C7: 15000 | D7: 10000 | E7: 1 | F7: 6
A8: Kopi Susu Regal | B8: KOPI | C8: 15000 | D8: 10000 | E8: 1 | F8: 7
A9: Matcha | B9: KOPI | C9: 15000 | D9: 10000 | E9: 1 | F9: 8
A10: Classic Chocolate | B10: KOPI | C10: 15000 | D10: 10000 | E10: 1 | F10: 9
A11: Lemon Mint Tea | B11: KOPI | C11: 15000 | D11: 10000 | E11: 1 | F11: 10
A12: Indomie Goreng | B12: MAKANAN | C12: 12000 | D12: 10000 | E12: 1 | F12: 11
A13: Indomie Goreng Telur | B13: MAKANAN | C13: 15000 | D13: 10000 | E13: 1 | F13: 12
A14: Indomie Goreng Nuget | B14: MAKANAN | C14: 15000 | D14: 10000 | E14: 1 | F14: 13

Sheet Bahan
A1: nama | B1: satuan | C1: stok_utama | D1: stok_min | E1: total_penambahan_stok | F1: total_stok_tersedia
A2: Cup Panas 8oz | B2: pcs | C2: 297 | D2: 50 | E2: =SUMIF(Restok_Log!B:B,A2,Restok_Log!C:C) | F2: =C2+E2
A3: Cup Plastik 16oz | B3: pcs | C3: 482 | D3: 50 | E3: =SUMIF(Restok_Log!B:B,A3,Restok_Log!C:C) | F3: =C3+E3
A4: Mie (porsi) | B4: porsi | C4: 97 | D4: 20 | E4: =SUMIF(Restok_Log!B:B,A4,Restok_Log!C:C) | F4: =C4+E4
A5: Wadah Makan | B5: pcs | C5: 196 | D5: 30 | E5: =SUMIF(Restok_Log!B:B,A5,Restok_Log!C:C) | F5: =C5+E5

Sheet Restok_Log
A1: waktu | B1: nama_bahan | C1: jumlah_tambah | D1: satuan | E1: stok_akhir
A2: 2026-07-28T09:10:00 | B2: Cup Panas 8oz | C2: 100 | D2: pcs | E2: 297
A3: 2026-07-29T08:40:00 | B3: Mie (porsi) | C3: 50 | D3: porsi | E3: 97
A4: 2026-07-30T10:05:00 | B4: Cup Plastik 16oz | C4: 200 | D4: pcs | E4: 482

Sheet Voucher
A1: nama | B1: tipe | C1: nilai | D1: aktif | E1: kuota | F1: terpakai | G1: berlaku_dari | H1: berlaku_sampai
A2: Diskon 10% | B2: PERCENT | C2: 10 | D2: 1 | F2: 0
A3: Owner Gratis | B3: PERCENT | C3: 100 | D3: 1 | F3: 1
A4: Potongan 5rb | B4: NOMINAL | C4: 5000 | D4: 1 | F4: 0

Sheet Transaksi
A1: kode | B1: hari_usaha | C1: waktu | D1: kasir | E1: tipe | F1: metode | G1: subtotal | H1: diskon | I1: voucher | J1: total | K1: status
A2: TRX-20260728-001 | B2: 2026-07-28 | C2: 2026-07-28T19:20:00 | D2: Andi | E2: DINE_IN | F2: CASH | G2: 13000 | H2: 0 | J2: 13000 | K2: ACTIVE
A3: TRX-20260729-001 | B3: 2026-07-29 | C3: 2026-07-29T20:05:00 | D3: Budi | E3: TAKEAWAY | F3: QRIS | G3: 15000 | H3: 0 | J3: 15000 | K3: ACTIVE
A4: TRX-20260729-002 | B4: 2026-07-29 | C4: 2026-07-29T21:15:00 | D4: Budi | E4: DINE_IN | F4: CASH | G4: 30000 | H4: 0 | J4: 30000 | K4: ACTIVE
A5: TRX-20260730-001 | B5: 2026-07-30 | C5: 2026-07-30T18:40:00 | D5: Citra | E5: DINE_IN | F5: CASH | G5: 15000 | H5: 0 | J5: 15000 | K5: ACTIVE
A6: TRX-20260730-002 | B6: 2026-07-30 | C6: 2026-07-30T19:55:00 | D6: Citra | E6: TAKEAWAY | F6: QRIS | G6: 13000 | H6: 1300 | I6: Diskon 10% | J6: 11700 | K6: ACTIVE
A7: TRX-20260731-001 | B7: 2026-07-31 | C7: 2026-07-31T17:05:00 | D7: Andi | E7: DINE_IN | F7: CASH | G7: 13000 | H7: 0 | J7: 13000 | K7: ACTIVE
A8: TRX-20260731-002 | B8: 2026-07-31 | C8: 2026-07-31T17:30:00 | D8: Andi | E8: TAKEAWAY | F8: QRIS | G8: 15000 | H8: 0 | J8: 15000 | K8: ACTIVE
A9: TRX-20260731-003 | B9: 2026-07-31 | C9: 2026-07-31T18:00:00 | D9: Budi | E9: DINE_IN | F9: CASH | G9: 15000 | H9: 0 | J9: 15000 | K9: ACTIVE
A10: TRX-20260731-004 | B10: 2026-07-31 | C10: 2026-07-31T18:20:00 | D10: Budi | E10: DINE_IN | F10: CASH | G10: 15000 | H10: 0 | J10: 15000 | K10: ACTIVE
A11: TRX-20260731-005 | B11: 2026-07-31 | C11: 2026-07-31T18:45:00 | D11: Andi | E11: TAKEAWAY | F11: QRIS | G11: 13000 | H11: 1300 | I11: Diskon 10% | J11: 11700 | K11: ACTIVE
A12: TRX-20260731-006 | B12: 2026-07-31 | C12: 2026-07-31T19:10:00 | D12: Citra | E12: DINE_IN | F12: TRANSFER | G12: 15000 | H12: 0 | J12: 15000 | K12: ACTIVE
A13: TRX-20260731-007 | B13: 2026-07-31 | C13: 2026-07-31T19:35:00 | D13: Citra | E13: DINE_IN | F13: CASH | G13: 15000 | H13: 0 | J13: 15000 | K13: ACTIVE
A14: TRX-20260731-008 | B14: 2026-07-31 | C14: 2026-07-31T20:00:00 | D14: Andi | E14: DINE_IN | F14: CASH | G14: 15000 | H14: 15000 | I14: Owner Gratis | J14: 0 | K14: ACTIVE
A15: TRX-20260731-009 | B15: 2026-07-31 | C15: 2026-07-31T20:30:00 | D15: Budi | E15: DINE_IN | F15: CASH | G15: 15000 | H15: 0 | J15: 15000 | K15: VOID

Sheet Absensi
A1: hari_usaha | B1: karyawan | C1: shift | D1: waktu
A2: 2026-07-30 | B2: Andi | C2: Sore | D2: 2026-07-30T16:02:00
A3: 2026-07-30 | B3: Budi | C3: Sore | D3: 2026-07-30T16:10:00
A4: 2026-07-31 | B4: Andi | C4: Pagi | D4: 2026-07-31T07:05:00
A5: 2026-07-31 | B5: Budi | C5: Sore | D5: 2026-07-31T16:01:00

Sheet Kas
A1: hari_usaha | B1: tipe | C1: nominal | D1: kategori | E1: catatan | F1: oleh | G1: waktu
A2: 2026-07-31 | B2: MASUK | C2: 250000 | D2: Kas Awal | E2: Modal laci pagi | F2: Andi | G2: 2026-07-31T07:00:00
A3: 2026-07-31 | B3: KELUAR | C3: 20000 | D3: Bahan | E3: Beli es batu | F3: Andi | G3: 2026-07-31T10:15:00
A4: 2026-07-31 | B4: KELUAR | C4: 19000 | D4: Operasional | E4: Galon air | F4: Budi | G4: 2026-07-31T14:30:00
